{
  "hash": "536236fd",
  "configHash": "f22aa0c6",
  "lockfileHash": "56695a50",
  "browserHash": "3df2b19e",
  "optimized": {
    "@angular/core": {
      "src": "../../../../../../node_modules/@angular/core/fesm2022/core.mjs",
      "file": "@angular_core.js",
      "fileHash": "421bd4db",
      "needsInterop": false
    },
    "@angular/platform-browser": {
      "src": "../../../../../../node_modules/@angular/platform-browser/fesm2022/platform-browser.mjs",
      "file": "@angular_platform-browser.js",
      "fileHash": "a2518788",
      "needsInterop": false
    },
    "@angular/platform-server": {
      "src": "../../../../../../node_modules/@angular/platform-server/fesm2022/platform-server.mjs",
      "file": "@angular_platform-server.js",
      "fileHash": "11ab5828",
      "needsInterop": false
    },
    "@angular/router": {
      "src": "../../../../../../node_modules/@angular/router/fesm2022/router.mjs",
      "file": "@angular_router.js",
      "fileHash": "9508f552",
      "needsInterop": false
    },
    "@angular/ssr": {
      "src": "../../../../../../node_modules/@angular/ssr/fesm2022/ssr.mjs",
      "file": "@angular_ssr.js",
      "fileHash": "655702a8",
      "needsInterop": false
    },
    "@angular/ssr/node": {
      "src": "../../../../../../node_modules/@angular/ssr/fesm2022/node.mjs",
      "file": "@angular_ssr_node.js",
      "fileHash": "c7ec40fb",
      "needsInterop": false
    },
    "express": {
      "src": "../../../../../../node_modules/express/index.js",
      "file": "express.js",
      "fileHash": "5008e707",
      "needsInterop": true
    }
  },
  "chunks": {
    "chunk-IMCUXX74": {
      "file": "chunk-IMCUXX74.js"
    },
    "chunk-QIWUCZDO": {
      "file": "chunk-QIWUCZDO.js"
    },
    "chunk-XA3NGFW3": {
      "file": "chunk-XA3NGFW3.js"
    },
    "chunk-NVAHDQ4B": {
      "file": "chunk-NVAHDQ4B.js"
    },
    "chunk-4RDLTH23": {
      "file": "chunk-4RDLTH23.js"
    },
    "xhr2-TXIMV6CV": {
      "file": "xhr2-TXIMV6CV.js"
    },
    "chunk-YHCV7DAQ": {
      "file": "chunk-YHCV7DAQ.js"
    }
  }
}