{
  "hash": "efa24b9b",
  "configHash": "4f206bcc",
  "lockfileHash": "56695a50",
  "browserHash": "20823216",
  "optimized": {
    "@angular/core": {
      "src": "../../../../../../node_modules/@angular/core/fesm2022/core.mjs",
      "file": "@angular_core.js",
      "fileHash": "8cee9d3c",
      "needsInterop": false
    },
    "@angular/platform-browser": {
      "src": "../../../../../../node_modules/@angular/platform-browser/fesm2022/platform-browser.mjs",
      "file": "@angular_platform-browser.js",
      "fileHash": "682b8031",
      "needsInterop": false
    },
    "@angular/router": {
      "src": "../../../../../../node_modules/@angular/router/fesm2022/router.mjs",
      "file": "@angular_router.js",
      "fileHash": "caacccd6",
      "needsInterop": false
    }
  },
  "chunks": {
    "chunk-EXB2USTC": {
      "file": "chunk-EXB2USTC.js"
    },
    "chunk-NR5BN73N": {
      "file": "chunk-NR5BN73N.js"
    }
  }
}