{
  "hash": "b2374f6a",
  "configHash": "9a9c01fd",
  "lockfileHash": "b586b235",
  "browserHash": "228568ec",
  "optimized": {
    "@angular/core": {
      "src": "../../../../../../node_modules/@angular/core/fesm2022/core.mjs",
      "file": "@angular_core.js",
      "fileHash": "7840297d",
      "needsInterop": false
    },
    "@angular/platform-browser": {
      "src": "../../../../../../node_modules/@angular/platform-browser/fesm2022/platform-browser.mjs",
      "file": "@angular_platform-browser.js",
      "fileHash": "e9eaf3ed",
      "needsInterop": false
    },
    "@angular/router": {
      "src": "../../../../../../node_modules/@angular/router/fesm2022/router.mjs",
      "file": "@angular_router.js",
      "fileHash": "a023ef74",
      "needsInterop": false
    },
    "@angular/common": {
      "src": "../../../../../../node_modules/@angular/common/fesm2022/common.mjs",
      "file": "@angular_common.js",
      "fileHash": "215ed212",
      "needsInterop": false
    }
  },
  "chunks": {
    "chunk-BVNS7UHM": {
      "file": "chunk-BVNS7UHM.js"
    },
    "chunk-NQPGMJQD": {
      "file": "chunk-NQPGMJQD.js"
    },
    "chunk-3QOFSQBY": {
      "file": "chunk-3QOFSQBY.js"
    }
  }
}